緯度情報,経度情報,愛工大からの距離,データ名
35.1878783083,137.1113705635,0.0047685940,あいち海上（かいしょ）の森センター
35.1879089974,137.1113973856,0.0047880700,あいち海上の森センター
35.1864797489,137.1082270145,0.0057090260,【尾張】２００５年記念と長久手
35.1737337743,137.0890867710,0.0258364109,【尾張】愛地球博記念公園
35.1737118497,137.0890331268,0.0258943620,愛・地球博記念公園（モリコロパーク）
35.2147093256,137.1015912294,0.0333260848,瀬戸市南公園・萩殿の森
35.2171460774,137.0987319946,0.0366435243,【尾張】瀬戸市南公園・萩殿の森
35.2246136523,137.1073043346,0.0415990304,瀬戸染付工芸館
35.2069210635,137.0775824468,0.0425445589,瀬戸グリーンセンター とれたて館
35.2246950851,137.1022365241,0.0426735604,新世紀工芸館
35.2253892941,137.1007490158,0.0437400438,【尾張】瀬戸蔵
35.2254506440,137.1007436514,0.0438004303,瀬戸蔵
35.1930713483,137.1588699623,0.0468349276,猿投山の球状花崗岩
35.2302708469,137.1041661501,0.0476918413,ノベルティ・こども創造館
35.1491608263,137.1493694813,0.0499284464,うめこう桃梨苺園
35.1851565490,137.0617617708,0.0513097886,あぐりん村
35.1851565490,137.0617617708,0.0513097886,あぐりん村
35.1844792594,137.0603791471,0.0526735622,長久手温泉ござらっせ
35.2404677022,137.1157828208,0.0571213006,道の駅瀬戸しなの
35.1308115865,137.0890760422,0.0578030007,愛知牧場
35.1308247482,137.0889151096,0.0578579476,愛知牧場
35.1860609098,137.0549418274,0.0581604169,長久手古戦場附色金山
35.1837331275,137.0527380312,0.0603047228,長久手古戦場附首塚
35.2176268451,137.1627891100,0.0603773703,瀬戸窯跡
35.2011664913,137.1709937178,0.0606104615,猿投山と菊石
35.2011664913,137.1709937178,0.0606104615,猿投山・菊石
35.1601054817,137.1734393778,0.0647383846,池田第一号墳
35.2400888168,137.1448672531,0.0650007076,岩屋堂公園
35.2401776557,137.1448123455,0.0650513503,【尾張】岩谷堂公園
35.1828812044,137.0479849254,0.0650591415,長久手グリーンセンター
35.1732733560,137.0484888554,0.0653444086,【尾張】長久手市郷土資料室
35.1735061857,137.0480095297,0.0657825076,長久手古戦場
35.1752105959,137.1783648849,0.0658358464,旧龍性院庭園
35.1474041976,137.1694872765,0.0669526457,舞木廃寺塔跡
35.1189016877,137.0878597434,0.0692513336,黒笹七号窯
35.1785403024,137.0430395661,0.0701716619,長久手古戦場附御旗山
35.1169160194,137.0804929733,0.0740349557,【尾張】愛知池
35.1168896914,137.0801925659,0.0741911241,愛知池
35.2409224797,137.0527052879,0.0833542982,森林公園
35.2409487675,137.0525658131,0.0834734310,森林公園
35.2152114203,137.0348666361,0.0843952742,尾張旭グリーンセンター及び産直センター
35.2052596469,137.1959406137,0.0857292697,しだれ桜（金剛寺）
35.2053429280,137.1959406137,0.0857505310,【豊田加茂】金剛寺しだれ桜
35.1685111622,137.1983385086,0.0865884078,愛知県緑化センター・昭和の森
35.2253181742,137.0363553239,0.0873895968,維摩（いま）池
35.1310835947,137.0395570993,0.0902125205,農産振興クラブ 及び日進野菜研究会
35.2210640105,137.0276319981,0.0933408281,【尾張】城山公園及び長池・維摩池
35.2204329468,137.0273154974,0.0933785403,城山公園
35.2212305404,137.0271331072,0.0938645170,長池
35.0928135577,137.0879396895,0.0940118873,三好公園
35.0928135577,137.0879396895,0.0940118873,三好公園
35.2516515665,137.0483601093,0.0940231099,東谷山フルーツパーク
35.2516471858,137.0483279228,0.0940420764,東谷山フルーツパーク
35.1203857484,137.1882147134,0.0980983459,枝下（しだれ）用水
35.2552091808,137.0443738966,0.0993483827,志段見古墳群
35.2803533246,137.0908999443,0.0994376580,【尾張】定光寺
35.2803577037,137.0908945799,0.0994431218,定光寺
35.0973388935,137.0537358154,0.1045266749,東郷町文化産業まつり
35.0826210811,137.0765340328,0.1071992258,保田ケ池公園
35.0825245047,137.0764803886,0.1073082996,保田ケ池公園
35.0843287081,137.1544200182,0.1073763803,ＪＡあいち豊田各産直店
35.0804070533,137.1517417289,0.1100351626,七州城址公園・豊田市美術館
35.0752638403,137.0906430879,0.1104435353,緑と花のセンター「さんさんの郷」
35.0752638403,137.0906430879,0.1104435353,緑と花のセンター「さんさんの郷」
35.0797983700,137.1516090631,0.1105588162,七州城址(しちしゅうじょうし)公園＆豊田市美術館
35.0875814185,137.0498449762,0.1147928128,東郷グリーンセンター
35.0992480717,137.0263552666,0.1208228989,【尾張】涼松せせらぎの道
35.0992217381,137.0263445377,0.1208489408,涼松（すずみまつ）せせらぎの道
35.2682571651,137.0256042480,0.1218360008,ファーマーズマーケットぐぅぴぃひろば
35.1141216758,137.0109380587,0.1233951828,名古屋市農業センター delaふぁーむ
35.1141216758,137.0109380587,0.1233951828,名古屋市農業センターdelaふぁーむ
35.0857025350,137.0371809368,0.1237015133,祐福寺一里塚
35.0874673122,137.1972227097,0.1276394539,自然観察の森
35.0874102478,137.1973139048,0.1277424973,自然観察の森
35.1174713070,137.2242321295,0.1292728452,鷹見の里（たきみのさと）ビオトープ
35.3025570297,137.0584237576,0.1310672802,都市緑化植物園（グリーンピア春日井）
35.3025526517,137.0583057404,0.1311125258,都市緑化植物園 (グリーンピア春日井)
35.0638706061,137.0569614682,0.1320424458,小堤西池のカキツバタ群落
35.0630576424,137.0572757721,0.1326464495,小堤西池のカキツバタ群落
35.3035946007,137.0552480221,0.1333564463,少年自然の家
35.3035858449,137.0551621914,0.1333857773,少年自然の家
35.1938712352,137.2464466095,0.1338140797,ふじの回廊
35.1939106898,137.2464573383,0.1338278651,【豊田加茂】ふじの回廊
35.0981244959,137.2184872627,0.1356197515,鞍ヶ池公園
35.0425935542,137.1161878109,0.1408537815,竹村駅近くのビオトープ　（豊田市竹町上沖）
35.0425144984,137.1163058281,0.1409355013,【豊田加茂】竹村駅近くのビオトープ
35.0732506129,137.0189983984,0.1448439003,豊明のナガバノイシモチソウ
35.2237794548,137.2537699628,0.1464032203,たまご村
35.0454581981,137.1656034028,0.1476279724,豊田大塚古墳
35.0442317483,137.0598828793,0.1489868438,【豊田加茂】阿地和池
35.0442449240,137.0597541332,0.1490205247,阿地和池
35.2198618515,136.9680711368,0.1494827725,小野道風誕生伝説地
35.2716776044,136.9922807147,0.1495795624,落合公園の桜
35.2716776044,136.9922807147,0.1495795624,落合公園の桜
35.0492866658,137.1797454357,0.1497965974,水源公園
35.3178828329,137.0461070538,0.1502086041,あい農パーク春日井（春日井市ふれあい農業公園）
35.3270781919,137.0614467554,0.1526498483,内々神社庭園
35.2984864164,137.0123999284,0.1528753797,くりの木ランチ
35.0410475607,137.0486605167,0.1562454896,刈谷ハイウェイオアシス
35.0408982302,137.0484995842,0.1564478894,【西三河】刈谷ハイウェイオアシス
35.3033319900,137.0092128480,0.1586229116,大草のマメナシ自生地
35.0413373175,137.1835903466,0.1586264655,琴平町シデコブシ自生地
35.2629267490,136.9749265909,0.1593687614,三つ又ふれあい公園
35.0413777023,137.0372947520,0.1609702735,でんまぁと刈谷南 産直センター刈谷中部 産直センター刈谷北部
35.2718206223,136.9736711691,0.1650462049,グリーンセンター春日井中央店
35.0752633901,137.2397303581,0.1665716978,巴川（ともえがわ）おう穴
35.0752546096,137.2398269176,0.1666508478,【豊田加茂】巴川おう穴
35.3116670616,137.0057559013,0.1672112288,市民四季の森
35.0711189092,137.2370910645,0.1673259644,【豊田加茂】天下峯
35.3116845715,137.0055735111,0.1673417339,市民四季の森
35.0712242800,137.2372734547,0.1673905869,天下峯
35.2538900822,136.9596004486,0.1688532229,【尾張】春日井・小牧でゆったり
35.2560190242,136.9598203897,0.1695540684,朝宮公園
35.2560978728,136.9597560167,0.1696460110,朝宮公園
35.0535201274,137.2274211716,0.1730738810,松平氏遺跡
35.0558650559,137.2310721874,0.1737798110,滝川ふれあい工房
35.0557596654,137.2310721874,0.1738571780,滝川ふれあい工房
35.0675186597,137.2429060936,0.1740575234,王滝渓谷
35.2940845308,136.9785000603,0.1742121449,グリーンセンター桃花台店
35.0477825903,137.0036100625,0.1742719659,阿野一里塚
35.2323157971,136.9450349868,0.1749796694,グリーンセンター味美店
35.3223565377,137.0057553749,0.1755446594,大山廃寺跡
35.1426766596,137.2852790447,0.1769887518,足助みたち栗園
35.0410161649,137.0062979604,0.1779631969,愛知豊明花き地方卸売市場
35.0410161649,137.0062979604,0.1779631969,愛知豊明花き地方卸売市場
35.0053070622,137.1207385927,0.1782713639,明治緑道水車公園の三連水車
35.2920633796,136.9715781360,0.1783734155,高根遺跡
35.0051476942,137.1207368374,0.1784305078,明治緑道（水車公園）
35.3191602869,136.9954013293,0.1796297497,兒（ちご）の森
35.3191697005,136.9952630997,0.1797274179,兒（ちご）の森
35.0091077957,137.0690978779,0.1797584559,八橋伝説地
35.0599738151,136.9809135056,0.1808174424,桶狭間古戦場伝説地
35.1231454534,136.9421163526,0.1812391334,大曲輪貝塚
35.0154026416,137.1811723709,0.1812980220,おかざき自然体験の森
35.0153762809,137.1812045574,0.1813345471,おかざき自然体験の森
35.2259720209,136.9366262245,0.1814768000,二子山古墳
35.2273424906,136.9367761585,0.1816575957,白山神社古墳・御旅所古墳（白山神社古墳）
35.2270422973,136.9353488488,0.1829710519,白山神社古墳・御旅所古墳（御旅所古墳）
35.2970889888,136.9688942220,0.1835782268,ＪＡ尾張中央桃選果場
35.2970889888,136.9688942220,0.1835782268,もも産地ＪＡ尾張中央・果実共同選果場
35.0051267789,137.1624166767,0.1849961079,八柱神社のクスノキ
35.0066047210,137.1724077668,0.1865078839,岩津第一号古墳
35.0017887400,137.0702240435,0.1866023849,来迎寺一里塚
35.0015181939,137.0700928935,0.1868958175,来迎寺一里塚
35.0203078390,137.0192470600,0.1881502181,刈谷西部の縄文遺跡（芋川遺跡）
35.2377153068,137.2936642170,0.1886087188,和紙のふるさと
35.2385828333,137.2937393188,0.1889321464,和紙のふるさと
35.0033263485,137.0551360273,0.1891666038,旧東海道「池鯉鮒」の松並木
35.2321973765,137.2958354230,0.1891916106,緑の公園
35.2406749919,136.9322116260,0.1896802977,エアフロントオアシス（空港南側）
35.3341378799,136.9954454899,0.1911730793,入鹿池
35.3342079000,136.9954133034,0.1912480846,入鹿池
35.1538859574,136.9239544928,0.1913788039,八幡山古墳
35.0011346086,137.0538791119,0.1916386073,JAあいち中央　グリーンセンター知立
35.2709805577,137.2835971675,0.1917219772,西村自然農園
34.9904474964,137.1399056917,0.1948256661,北野廃寺跡
34.9897231372,137.0900759702,0.1950458587,JAあいち中央 ファーマーズマーケット でんまぁと安城北部
35.3312297353,136.9852606607,0.1953920900,ヒトツバタゴ自生地
35.1551028879,136.9194835915,0.1956175757,鶴舞公園
35.2619683733,137.2924606244,0.1958625820,小原村前洞の四季桜
35.0345426483,137.2403311729,0.1958690951,二畳ケ滝
35.0344152681,137.2402882576,0.1959380546,二畳ケ滝
34.9870535032,137.1035405412,0.1965884371,永安寺の雲竜の松
34.9867699329,137.0997405052,0.1970916241,【西三河】明治川神社
34.9865918239,137.0999371518,0.1972561656,明治用水（明治川神社から中井筋）
34.9864710735,137.1003842354,0.1973474697,【西三河】明治用水沿線の桜並木、梨畑
35.0505242391,137.2604698546,0.1984797520,松平氏遺跡
35.0507051485,137.2607964277,0.1986015155,松平郷・散策道
35.0505821851,137.2607105970,0.1986198806,松平郷・散策道
35.1297269704,137.3067010254,0.2009625854,足助のヒメハルゼミ
35.0505574467,137.2640874050,0.2011594643,松平氏遺跡
35.2754970818,137.2922436685,0.2014767959,大福魚苑
35.0098486809,137.2171333649,0.2023841106,【西三河】駒立ぶどう狩り園
35.0460867585,137.2633586339,0.2036010741,松平氏遺跡
35.0335104235,136.9739341736,0.2045030615,豊明フレッシュセンター 及び西部産直センター
35.0118632799,137.0000546190,0.2054145994,刈谷西部の縄文遺跡（八ツ崎貝塚）
35.2538383805,136.9198435884,0.2056342250,名古屋空港・地元産品コーナー
35.2447471571,137.3102608855,0.2065364501,四季桜・四季の回廊
35.1358120877,137.3140417875,0.2065592541,中馬街道
35.1356856616,137.3140597343,0.2066058861,中馬街道
35.1311230797,137.3129868507,0.2066691448,花もみじ
35.1314521206,137.3131692410,0.2067626718,香嵐渓
35.1304562194,137.3130834103,0.2069322152,【豊田加茂】香嵐渓グリーンファーム
35.3299715773,136.9665527344,0.2072166179,【尾張】春日井・小牧の伝統文化
35.1334833704,137.3144030571,0.2074589203,カタクリ
35.1297937409,137.3139524460,0.2079422676,三州足助屋敷
35.1296489602,137.3139417171,0.2079692826,三州足助屋敷
35.0107323940,136.9971314381,0.2079748797,刈谷西部の縄文遺跡（天子神社貝塚）
34.9946768913,137.0250442501,0.2082416940,万福寺のイブキ
34.9871853864,137.1870953355,0.2097352466,おかざき農遊館
35.1343120817,137.3169689732,0.2097547921,飯盛城址
34.9868878793,137.1872157522,0.2100561092,【西三河】おかざき農遊館
35.1851487356,136.9027137668,0.2103353018,名古屋城二之丸庭園
35.1372849661,137.3184997903,0.2105722355,中馬館
35.1372849661,137.3184997903,0.2105722355,中馬館
35.0618984405,137.2854030132,0.2108884707,焙烙山（ほうろくさん）
35.0617703839,137.2857320173,0.2112311720,六所山（ろくしょさん）
35.2609337753,136.9153654575,0.2123336303,神明公園
35.1980445414,137.3252499104,0.2127118828,お須原山縁結び岩
35.1980357742,137.3253357410,0.2127969076,お須原山縁結び岩
35.0646479180,136.9362574170,0.2129734916,大高城跡　附　丸根砦跡　鷲津砦跡
35.3089986012,136.9391406397,0.2145077913,岩崎清流亭の藤
35.3089263841,136.9390858575,0.2145099418,岩崎の清流亭の藤
35.1847967331,136.8984106978,0.2146356678,特別史跡　名古屋城跡
35.2707711428,136.9162559509,0.2153051198,エアフロントオアシス（空港北側）
35.1840559726,136.8976994307,0.2153434316,名古屋城のカヤ
35.1314866540,136.9031942936,0.2161765025,断夫山古墳
35.1391050556,137.3261740012,0.2176888045,今朝平遺跡
35.1343695585,137.3253250122,0.2178745061,城跡公園足助城
34.9672897705,137.0830553239,0.2181928030,明治用水（明治用水歴史資料室・豊田安城自転車道）
34.9673066293,137.0828318596,0.2182069298,明治用水
34.9984774200,136.9943083657,0.2197692540,刈谷西部の縄文遺跡（山の神遺跡）
35.0214594414,136.9617798713,0.2216052737,収穫体験〔ぶどう狩り〕
35.3126371191,136.9327189780,0.2218455227,熊野神社の五枚岩
35.1388892076,137.3325165392,0.2239451141,百年草
35.3701018799,136.9846407684,0.2265830691,犬山里山学センター
35.3701018799,136.9846407684,0.2265830691,犬山里山学センター
35.2925762574,136.9127884175,0.2280750944,小牧山
35.2927892006,136.9126939774,0.2282599798,小牧山
35.2928592565,136.9126081467,0.2283688850,小牧山
34.9582037481,137.1523004602,0.2286046398,八丁蔵通り
35.2151479262,136.8863381035,0.2289143238,庄内緑地公園・グリーンプラザ
34.9920173761,136.9854730368,0.2300125942,刈谷市歴史博物館
34.9575462763,137.1590127809,0.2304967188,岡崎公園
34.9567598770,137.1597522497,0.2314154971,岡崎公園
34.9725289453,137.0171070099,0.2316791969,【西三河】フローラルガーデンよさみ
34.9715311042,137.0172035694,0.2325480259,【西三河】依佐美送信所記念館
35.3265382126,136.9286862044,0.2333925405,青塚古墳
34.9886158056,136.9837510586,0.2337985393,刈谷市亀城公園
34.9488170857,137.0950190065,0.2352864050,ＪＡあいち中央 産直センター安城東部
35.2500087809,136.8856143951,0.2369775824,【尾張】北名古屋市歴史民俗資料館（昭和日常博物館）
35.2794335874,136.8962191988,0.2371332760,宇都宮神社古墳
35.3756316278,136.9740629196,0.2371992104,中島池
34.9788731398,136.9899684175,0.2387117702,刈谷西部の縄文遺跡（本刈谷貝塚）
34.9919426661,136.9677382708,0.2403616589,【知多】極楽寺
34.9458353203,137.1513829685,0.2406508078,真宮遺跡
34.9444547756,137.0702036393,0.2427668990,都市に広がる集団農地
34.9865326034,136.9687306881,0.2441051032,【知多】傳宗院
34.9854496043,136.9696027626,0.2444667164,入海貝塚
34.9988508534,136.9476270676,0.2478405888,【知多】あいち健康の森
35.0374903988,137.3136129480,0.2480361211,昇匠 SHOW BAKERY(しょうべーかりー)
35.2030127776,137.3604107957,0.2481442186,杉本の貞観スギ
35.2033310059,137.3604941368,0.2482526301,貞観杉
35.2034000796,137.3606094031,0.2483730741,貞観杉
35.3283754205,136.9102236472,0.2492981728,大口町朝市会
35.3276345027,136.9096899033,0.2493032434,【尾張】北愛知の文化
35.3284135351,136.9100546837,0.2494578064,【尾張】大口歴史民俗資料館
35.0439111392,136.9057416916,0.2498678098,【知多】聚楽園公園
35.0052048161,136.9369840622,0.2505079518,おはよう君
35.0004767415,136.9410932064,0.2510612181,【知多】常福寺
35.1931391311,136.8620753288,0.2511549980,【尾張】西枇杷島問屋記念館
34.9465781052,137.0285428762,0.2514567030,都市に広がる集団農地
34.9903235773,136.9518892508,0.2515022714,東浦ぶどう　ぶどう狩り
35.2780558701,136.8773713170,0.2539646589,五条川の桜と尾北自然歩道
35.2780558701,136.8773713170,0.2539646589,五条川の桜と尾北自然歩道
34.9290754226,137.0963934746,0.2548810828,二子古墳
34.9931072551,136.9432175159,0.2550613524,ＪＡあぐりタウン　げんきの郷（大府市）
34.9414160131,137.1936963415,0.2550829148,大平一里塚
34.9931380176,136.9430619478,0.2551420166,ＪＡあぐりタウン げんきの郷
34.9776893917,136.9615316391,0.2554940958,【知多】於大公園
35.3563845232,136.9242963787,0.2560162034,長泉塚古墳
35.0093360902,137.3016802625,0.2566844830,下山小学校のヤマザクラ
34.9308290569,137.0609664917,0.2578955066,安城産業文化公園デンパーク
34.9308466489,137.0608270168,0.2579064785,安城市デンパーク
34.9305211974,137.0612132549,0.2581473758,和食処「ふるさと館」の郷土料理
34.9294920585,137.0650327206,0.2584188839,産直センター「道の駅」デンパーク安城
34.9727135665,136.9626367092,0.2588737831,東浦町郷土資料館「うのはな館」
35.0117951572,137.3068718794,0.2588869836,合資会社柴田酒造場
35.2827392136,136.8719459478,0.2607548922,岩倉野菜の広場
35.2211729300,136.8545707138,0.2612149054,朝日貝塚（検見塚）
34.9341712194,137.0343982399,0.2613539586,榎前のクロガネモチ
35.3855893385,136.9473353322,0.2614082286,妙感寺古墳
34.9391935987,137.2067284584,0.2615719718,愛知県畜産総合センター
35.0221243387,136.9068360329,0.2617912027,東海市立農業センター
35.0221287318,136.9068038464,0.2618138497,東海市立農業センター
34.9223897621,137.0872052989,0.2622980043,ＪＡあいち中央　産直センター安城桜井
35.3901208154,136.9508786137,0.2627268222,東之宮古墳
35.3808627712,136.9395160675,0.2628648752,犬山どんでん朝市
35.2177859317,136.8515074253,0.2637836896,【尾張】朝日遺跡
35.2186587653,136.8514167553,0.2639887057,貝殻山貝塚
35.1031701733,136.8602205306,0.2652497458,荒子川公園ガーデンプラザ
35.2449802000,136.8547212585,0.2655563452,グリーン西春日井
35.3591846883,136.9139115375,0.2656103705,ふれあい青空市（扶桑町）
34.9357501379,137.2095564928,0.2658036185,神明宮第一号古墳
35.2744780531,136.8630062410,0.2661030258,大地遺跡
35.2466354899,136.8545007706,0.2661591629,【尾張】西春日井の伝統文化
35.2772927421,136.8638971266,0.2662455151,産直センター岩倉店
35.3918705773,136.9464486847,0.2668486358,木曽川
35.0231259561,136.8990790844,0.2673420402,【知多】弥勒寺
34.9160944829,137.1296525002,0.2678332950,ふれあいドーム岡崎
34.9160812866,137.1295773983,0.2678418189,【西三河】ふれあいドーム岡崎
35.3876684977,136.9393340130,0.2681325514,犬山城跡
34.9155075460,137.0954857290,0.2684792781,姫小川古墳
35.3861646026,136.9367557091,0.2686733293,犬山頭首工
34.9436481827,136.9915777445,0.2687756036,【西三河】吉浜細工人形
35.1795919175,136.8417630618,0.2713057364,下萱津のフジ
35.0195587365,136.8965792656,0.2714848607,【知多】観福寺
35.1887007198,137.3852150737,0.2722245487,伊熊神社の社叢
34.9138959565,137.1532055889,0.2724924355,太夫塚古墳
35.1975886444,137.3855352402,0.2728618552,【豊田加茂】押井磨崖物
35.1976587826,137.3855566978,0.2728869366,押井磨崖仏（おしいまがいぶつ）
35.1937616392,136.8399149179,0.2733229943,【海部】香の物祭
35.2162958522,136.8412935734,0.2737306844,清須の自然と歴史
35.2164711571,136.8411970139,0.2738476525,清須の自然と歴史
35.2169809703,136.8407793252,0.2743242096,五条川の桜（清須）
35.0669425174,137.3635973055,0.2763027293,もみじ街道（加茂広域農道）
35.2429904256,137.3836147785,0.2770545931,時瀬大いちょう
35.2431087175,137.3836040497,0.2770695780,時瀬大いちょう
35.2432135907,137.3836361172,0.2771235044,時瀬のイチョウ
35.2373122105,136.8411433697,0.2771895054,五条川の桜
34.9280387283,137.0028293612,0.2781409961,JAあいち中央　産直センター高浜
35.2985001924,136.8590901164,0.2788131173,一宮桜まつり（青木川）
34.9373013359,137.2445331941,0.2790349760,岡崎ゲンジボタル発生地
35.1163499672,137.3852455616,0.2803429622,鼎（かなえ）工房
35.1161963864,137.3852401972,0.2803745327,鼎工房
35.0153499202,136.8847990036,0.2834426744,東海フラワーショウ
35.0768087358,137.3760187626,0.2837624514,三河高原
35.0768614176,137.3761796951,0.2838918253,三河高原
34.9002480156,137.0853336381,0.2845166130,本證寺境内
34.9001487054,137.0851148932,0.2846368302,本證寺のイブキ
34.9157696166,137.2120967619,0.2853846845,藤川の松並木
35.2052264592,137.3985156783,0.2863060251,八幡のサクライソウ及びツクバネ自生地
35.0727345793,136.8489432335,0.2863523029,藤前干潟
35.0726731142,136.8489539623,0.2863661711,藤前干潟
35.1972379013,137.3994483940,0.2867400038,つくば工房
35.3751417375,136.8998193741,0.2867473820,木曽川扶桑緑地公園
34.9859173015,137.3210442066,0.2868260701,日近の里・かおれ渓谷
35.3749580278,136.8995296955,0.2868401395,木曽川扶桑緑地公園
34.9850558711,137.3209905624,0.2873810700,日近の里・かおれ渓谷
35.2012094479,136.8246960640,0.2888945537,いきいき朝市甚目寺
35.0293341208,137.3575123187,0.2889737706,【豊田加茂】羽左の窪
34.9214432192,136.9895982742,0.2895964013,【西三河】鬼のみち
35.1934679212,136.8234246969,0.2897917215,甚目寺歴史民俗資料館
35.1948795116,136.8229901791,0.2902783148,【海部】甚目寺観音
35.0276831284,137.3583413721,0.2905570078,羽佐の窪渓谷
35.3438144854,136.8698430375,0.2913324216,まんだら青空市 （JA愛知北江南支店）
35.3415771718,136.8678689003,0.2917635311,愛知北地域の新鮮野菜市
35.2991990610,136.8444156647,0.2925177798,産直広場南小渕店
35.1724182865,136.8198573589,0.2933905950,元気朝市おおはる
34.9346552150,136.9555020332,0.2944466797,【知多】福住寺
35.2593302026,136.8276195348,0.2953463555,産直広場下津店
35.2179217906,137.4069553614,0.2959324832,旭高原元気村
35.2181277697,137.4069768190,0.2959778833,旭高原元気村
34.9046832670,137.0133626461,0.2960165059,油ヶ淵
34.9046744682,137.0130729675,0.2961224587,【西三河】油ヶ淵
35.3096313708,136.8446969701,0.2965472652,うみたて卵直売店　うきうき村
35.1972698206,136.8161380971,0.2972270207,水辺乃並木道
35.1970100023,136.8160915375,0.2972615314,【海部】水辺乃並木道
35.1005691312,137.3990428448,0.2977574759,田之土里湿原
35.1004067430,137.3990964890,0.2978542156,田之士里湿原
34.9396867334,136.9414352508,0.2980787565,板山長根古窯
35.3706276081,136.8797135353,0.2991516919,すいとぴあ江南
35.3705751167,136.8795311451,0.2992611402,すいとぴあ江南
34.9482347590,137.2985416328,0.2995305988,寺野の大クス
35.3709506804,136.8787680361,0.3000915276,スイトピアYuYuクラブ朝市
34.9182586518,136.9715309143,0.3005524301,【知多】海潮院
35.1967861887,137.4136025695,0.3008580722,東海自然歩道
35.3669020494,136.8744795673,0.3009659639,木曽川堤（サクラ）
34.9058183009,136.9960516691,0.3012392520,伝統食品工場見学 ［ヤマシン㈱白しょうゆ醸造工場］
34.9180280139,136.9657448708,0.3035213025,【知多】東光寺
34.9166677981,137.2582363899,0.3037005364,北山湿地
35.3496895952,136.8579983711,0.3044591496,曼陀羅寺公園のフジ
35.3496545919,136.8579500914,0.3044804816,曼陀羅寺公園のフジ
35.3494795751,136.8573224545,0.3049111475,まんだら青空市 （曼陀羅寺公園大型バス駐車場）
34.9279945187,136.9463490388,0.3049995113,大高山古窯
35.0142914050,137.3669663897,0.3050893144,切山の大スギ
35.0423036827,137.3839795589,0.3054813066,手作り工房山遊里
34.9396685313,136.9288301468,0.3055240515,【知多】ふれあいの森
35.1099920458,136.8161831308,0.3058032830,ＪＡなごや南陽店
34.9990708398,136.8680367837,0.3066092694,知多市歴史民俗博物館（知多市）
34.9991101188,136.8679225445,0.3066769564,【知多】知多市歴史民俗博物館
35.2256127828,136.8086779118,0.3072756523,愛知西のその他各直売所（産直広場大里店）
34.8843091932,137.0421580839,0.3073875795,八王子貝塚
34.9957571826,136.8687486649,0.3080480325,【知多】栖光院
35.1156522695,136.8125295639,0.3080569303,農業文化園・戸田川緑地
34.8767807443,137.0831361339,0.3080863588,道の駅にしお岡ノ山
34.9025034984,136.9864336078,0.3081223106,伝統食品工場見学 ［七福醸造㈱ありがとうの里］
35.1153802097,136.8125081062,0.3081378148,農業文化園と戸田川緑地公園
35.1888208974,136.8049335480,0.3081558219,【海部】ハナショウブの風景
34.8768571841,137.0765616874,0.3087179679,西尾のヒメタイコウチ（生息地）
34.8825953767,137.0416116714,0.3091812393,稲荷山茶園公園
34.8825689732,137.0414507389,0.3092441454,【西三河】稲荷山茶園公園
35.2136749988,137.4216377735,0.3100762005,【豊田加茂】黒谷渓谷
35.2137188265,137.4216699600,0.3101125135,黒谷渓谷
34.8752515422,137.0752398401,0.3104705892,八ツ面山（やつおもてやま）
34.8751378522,137.0753228310,0.3105733435,【西三河】八ツ面山（やつおもてやま）
34.9670164909,136.8900078535,0.3107592136,佐布里緑と花のふれあい公園（知多市）
34.9669021936,136.8900346756,0.3108195698,佐布里緑と花のふれあい公園
35.2918334444,136.8204695450,0.3120156232,馬見塚遺跡
34.8775345658,137.1769773960,0.3124881994,幸田憩の農園
34.8775392025,137.1770479151,0.3124980970,幸田憩いの農園
34.8805402849,137.0351046324,0.3127388921,【西三河】紅樹院（茶祖の寺）
34.9724849878,136.8820416927,0.3128120596,【知多】浄蓮寺
34.8786473489,137.0419023978,0.3129575742,神明社の大シイ
35.0669347018,137.4035167694,0.3129579163,【豊田加茂】保殿の七滝
34.9719091424,136.8822079897,0.3130780055,【知多】誕生堂
34.9718695803,136.8820953369,0.3131877950,【知多】正法院
34.9714205000,136.8824206330,0.3132517353,【知多】密厳寺
35.0667459025,137.4039459229,0.3134265073,保殿の七滝（ほでんのななたき）
34.9621015657,136.8909895420,0.3135054171,佐布里池（知多市）
34.9622070770,136.8908607960,0.3135221674,佐布里池
34.8788604490,137.0385563283,0.3135280999,西尾の抹茶工場見学
35.1780106422,136.7994336363,0.3136547782,七宝町のラカンマキ
35.1838184738,136.7990863323,0.3139558305,七宝焼アートヴィレッジ
35.1836650204,136.7990648746,0.3139771271,七宝焼アートヴレッジ
34.9709596479,136.8818432093,0.3139887283,【知多】如意寺
34.9920525337,136.8640065193,0.3140655070,【知多】牟山神社
34.8743703005,137.0538586378,0.3146578367,西尾市岩瀬文庫
35.1786290938,136.7982670539,0.3148111845,らかんまき
35.1784737389,136.7981529236,0.3149276994,【海部】らかんまき
34.8763199248,137.0364189148,0.3165071048,【西三河】実相寺（西尾茶の始め）
35.2522848516,136.8040660841,0.3165588365,国府宮の農産物直売所
35.2522867681,136.8039357662,0.3166864507,産直広場国府宮店
34.9187337056,137.2872269154,0.3168518976,【西三河】はいらっせぬかた
35.2852490840,136.8129909039,0.3168617226,愛知西のその他各直売所（お米屋さん丹陽西店）
35.2238730608,137.4282360077,0.3177804380,奥矢作湖
35.2238336209,137.4283325672,0.3178711942,【豊田加茂】奧矢作湖
34.9478317015,136.8992505426,0.3181272006,草木農産物直売所
34.9125489935,136.9454276562,0.3185300792,【知多】海蔵寺
35.0378149343,137.3965537548,0.3187123085,香恋の館
35.0378149343,137.3966825008,0.3188268405,香恋の館
34.9623903250,136.8832485702,0.3188348219,【知多】水の生活館
34.8690565663,137.0566313803,0.3193769108,【西三河】義倉蔵（ぎそうぐら）
34.9811617408,136.8653690815,0.3197609627,【知多】福生寺
35.2752207795,136.8065643311,0.3199332986,一宮地方総合卸売市場　日曜新鮮市
34.9291134706,136.9188498104,0.3199662661,グリーンプラザあぐい （農産物の直売）
34.8634110552,137.1159142256,0.3200140355,西尾いきものふれあいの里
35.2753784393,136.8065214157,0.3200196814,一宮地方総合卸売市場
34.9876665048,136.8581378460,0.3213914341,【知多】妙楽寺
34.8666901793,137.0480597019,0.3233195392,西尾市歴史公園
34.8659546184,137.0510780245,0.3234483545,抹茶ラボ　西尾伝想茶屋店
34.8658495036,137.0507097244,0.3236222586,【西三河】尚古荘
35.0356757717,137.4013128628,0.3239231394,三河湖観光センター
35.3510456845,136.8358296793,0.3239561705,浅井古墳群（岩塚古墳・浅井14号墳）
35.2400024470,136.7935507673,0.3244642353,あじさい寺（大塚性海寺歴史公園）
35.2400111648,136.7934912443,0.3245243664,あじさい寺（大塚性海寺歴史公園）
35.1315014425,136.7923346036,0.3248813579,海部水郷地帯の酒
35.3305390095,136.8231095270,0.3251262509,一宮桜まつり（浅井山公園）
35.3501538352,136.8327526353,0.3261362366,浅井古墳群（桃塚古墳・浅井4号墳）
34.9059240467,136.9407872318,0.3266057959,【知多】光照寺
34.8837201607,136.9828644440,0.3267437658,伝統食品工場見学 [スギ製菓　株式会社　工場]
35.3514669348,136.8316799779,0.3277299576,浅井古墳群（愛宕塚古墳・浅井20号墳）
34.8561514782,137.1326984793,0.3278505164,道の駅　筆柿の里・幸田
35.1487665703,136.7867696285,0.3281065601,【海部】須成祭
35.1686819266,136.7852372276,0.3281354663,JA海部東グリーンプラザ
35.1686819266,136.7852372276,0.3281354663,ＪＡ海部東グリーンプラザ
35.1468454862,136.7868952125,0.3281901679,蟹江町観光交流センター（祭人（さいと））
35.3052562004,136.8082834096,0.3282128850,一宮桜まつり（大江川緑道）
35.2845726009,136.8006131360,0.3283978674,妙興寺境内地
34.8548847207,137.1197175980,0.3285952976,平原（ひらはら）ゲンジボタルの里
35.2839835717,136.8001270294,0.3286796572,【尾張】一宮市博物館・妙興寺
34.9656317251,136.8666082621,0.3288736431,【知多】岡田地区
35.3504944995,136.8288343517,0.3296823097,浅井古墳群（小塞神社古墳・浅井1号墳）
35.2466530139,136.7893338203,0.3298277147,荻須記念美術館
35.1936695785,136.7832720280,0.3299293596,【海部】湯の花神事
35.1346902748,136.7858128133,0.3308363662,蟹江町まちなか交流センター 『みちくさの駅　楽人(がくと)』
35.2478884429,136.7884647846,0.3309191589,稲沢公園
35.2471349211,136.7882931232,0.3309416160,稲沢公園
34.8516041923,137.0863438767,0.3328803665,西尾のミカワギセル生息地
35.3536294233,136.8249152675,0.3346503541,木曽川堤（サクラ）
35.0302160019,137.4106246233,0.3347006907,三河湖
35.0302687136,137.4107372761,0.3347767381,三河湖
34.8483077908,137.1222066879,0.3352297099,平原（ひらはら）の滝
34.8579528943,137.1952110529,0.3356717583,不動ケ滝キャンプ場
34.8739810592,136.9808843488,0.3364717659,伝統食品工場見学 [九重みりん時代館・九重味淋大蔵]
34.9280664525,137.3338432678,0.3375717624,本宮山自然休養村　男川やな
35.1329827430,136.7789296477,0.3378966222,尾張温泉（湯元館）
34.9269703887,137.3338731196,0.3384210840,男川やな
35.1337014295,136.7781581158,0.3385532596,尾張温泉
35.1337014295,136.7781581158,0.3385532596,尾張温泉（尾張温泉東海センター）
34.9104902520,136.9126081467,0.3386149423,矢勝川堤に咲く百万本の彼岸花
34.8953824371,136.9349777699,0.3386266067,國盛 酒の文化館
34.8953472380,136.9349724054,0.3386593676,國盛　酒の文化館（半田市）
34.8456079408,137.0843923534,0.3390169819,吉良八幡山古墳
35.2200343618,136.7759785838,0.3390469906,緑花木販売センター
34.8956112308,136.9337493181,0.3390799726,【知多】光照院
35.2478621574,136.7798709869,0.3393473947,【尾張】稲沢の伝統文化
34.8981390232,136.9283835064,0.3398227593,摂取院のイブキ
34.8551952273,137.2029419962,0.3403063451,遠望峰山（とぼねやま）
34.8981191198,136.9273710251,0.3403906805,【知多】龍台院
34.9096334319,136.9106351757,0.3404751032,黒牛の里（半田市）
34.8931164651,136.9342160225,0.3409549943,MIZKAN MUSEUM
34.8931208651,136.9340765476,0.3410244221,MIZKAN MUSEUM
34.9258415899,137.3368477821,0.3412208846,わんパーク
34.8924696617,136.9347310066,0.3412364801,半田運河（半田市）
35.3058274758,136.7944803911,0.3412725226,一宮桜まつり（稲荷公園）
34.8924608616,136.9346129894,0.3413056657,半田運河
35.0830732326,136.7864370346,0.3416703769,海部南部味噌
34.8431480106,137.0796775818,0.3418960314,赤馬の径
35.1499837486,136.7727072532,0.3419724159,名古屋西流通センター　土曜特売市
35.2852490840,136.7865121365,0.3420415727,愛知西のその他各直売所（お米屋さん大和店）
35.1762287578,136.7706012726,0.3425159633,【海部】朝市かもり
35.1764765860,136.7703243365,0.3427877348,朝市かもり
35.2055103891,136.7701857708,0.3435675411,蓮華寺庭園
35.2053673440,136.7697868434,0.3439564831,蓮華寺のカヤノキ
35.2054042931,136.7697161436,0.3440293987,蓮華寺寺叢
35.2054262092,136.7696678638,0.3440789812,蓮華寺寺叢
35.2053648441,136.7694532871,0.3442892004,【海部】二十五菩薩来迎会
35.2384409565,136.7722714410,0.3451849791,尾張国分寺跡
35.2296661463,136.7708265781,0.3453270248,愛知県植木センター
35.2297713119,136.7708104849,0.3453570743,植木センター（愛知県植木センター）
34.8656995063,136.9770857682,0.3455798396,伝統食品工場見学 [株式会社　角谷文次郎商店]
35.3429827076,136.8059606008,0.3460659926,愛知西のその他各直売所（お米屋さん葉栗店）
34.8365932799,137.1559844165,0.3494673419,三河地震による地震断層
35.3576830795,136.8090534210,0.3503988225,１３８タワーパーク
35.3577224543,136.8090641499,0.3504091000,【尾張】138タワーパーク
35.1970626063,137.4633514881,0.3505754428,木材需要促進センター「モッキー」
35.1970713736,137.4635124207,0.3507365947,木材需要促進センター「モッキー」
35.3568036513,136.8067133958,0.3519968009,一宮桜まつり（木曽川堤）
35.1968697248,137.4649339914,0.3521493277,郷土資料館「ちゅーま」
35.1968521901,137.4649715424,0.3521861816,稲武郷土資料館「ちゅ～ま」
34.8547966796,137.2407603264,0.3525622735,蒲郡オレンジパーク
34.8361201742,137.0515434496,0.3526950674,西尾市憩の農園
34.8546205971,137.2407227755,0.3527128069,蒲郡オレンジパーク
35.0845438051,136.7743349075,0.3528418715,飛島村大宝排水機場保存館
34.8359361035,137.0515573025,0.3528739057,【西三河】西尾市憩の農園・バラ園
34.8373318638,137.1821272373,0.3529084625,本光寺
34.8372440722,137.1822906561,0.3530265754,島原藩主深溝松平家墓所
34.8357457120,137.0512842669,0.3531090372,西尾市憩の農園
34.9473814038,137.3766946793,0.3538690786,ぬかた体験村
34.9474429631,137.3770809174,0.3541159181,カフェ柚子木
35.0497521768,136.7847740650,0.3544358522,弥富野鳥園
35.0497433936,136.7845916748,0.3546080939,弥富野鳥園
34.9401258713,137.3710727692,0.3546380792,産地問屋宮ザキ園
34.8980927214,136.9009244442,0.3555292111,（いちご狩り）ベリーガーデンズ
34.9618465794,136.8336921930,0.3565495520,【知多】日長神社
34.9231786564,136.8692642122,0.3565796661,篭池古窯
34.8303264057,137.0595073700,0.3571211616,【西三河】天竹神社の棉祖神
34.8360681954,137.1985530853,0.3577149987,早春の西迫町（にしばさまちょう）
35.1003540765,136.7649579048,0.3578562834,三ツ又池公園
34.9018412141,137.3339080811,0.3578604338,岡崎市ホタル学校
34.8358216237,137.1981668472,0.3578623553,【東三河】早春の西迫町
34.8835546952,136.9176721573,0.3578880545,【知多】常楽寺
34.8377490167,137.0196825914,0.3580488748,枯木宮貝塚
34.8256016430,137.0954101170,0.3582447131,産直つのひら
34.8460498936,137.2339167666,0.3583630270,清田の大クス
34.8458606218,137.2338400680,0.3585153628,清田の大クス
34.9224078308,137.3589609258,0.3586076519,【西三河】万足平の猪垣
34.8975207533,136.8938219547,0.3602656016,（いちご狩り）市野園芸
35.3577312043,136.7971658707,0.3607835655,木曽川堤の桜
35.2312392350,136.7546474934,0.3615715365,愛知県下水道科学館
35.2314013622,136.7546260357,0.3616142855,【尾張】愛知県下水道科学館
34.8510020184,136.9688165188,0.3623499544,碧南市農業活性化センター　あおいパーク
34.8507819051,136.9688111544,0.3625540251,碧南市農業活性化センターあおいパーク
34.8507466869,136.9686126709,0.3626653359,レストランだいどころ
34.8908998639,136.8977830722,0.3631801615,ファーマーズマーケット「ブリオ」（半田市）
34.8908636310,136.8974590302,0.3634014845,ファーマーズマーケット　ブリオ
34.8459867175,136.9731834695,0.3652620112,碧南市前浜新田の松並木
34.8459128477,136.9729793072,0.3654084601,前浜新田の松並木
34.9018060178,136.8781900406,0.3666843844,（いちご狩り）澤田農園
34.8431949500,136.9749942082,0.3671579257,農家れすとらん葉菜の舎（はなのや）
35.2709901267,136.7557364702,0.3678818606,萩原・萬葉公園
35.2709594690,136.7557150126,0.3678954047,萩原・萬葉公園
35.1160471935,137.4757003784,0.3688620556,段戸裏谷（だんとうらだに）原生林  きららの森
35.3642234100,136.7910718918,0.3692660015,川釣り体験場　マス釣り
34.9547725921,136.8229687214,0.3693487773,新舞子マリンパーク
34.9548385426,136.8228721619,0.3693838028,新舞子マリンパーク（知多市）
34.8160665070,137.1617367796,0.3705591039,三ヶ根山
34.8160054126,137.1614956856,0.3705880688,【西三河】三ヶ根山
35.2382761330,136.7463111877,0.3708119017,産直広場一色下方店
35.2381184010,136.7462253571,0.3708734887,産直広場一色下方店
34.9649032450,137.4139560960,0.3718810519,須山のイヌツゲ
34.8552985126,137.2886967659,0.3721736473,宮路山（みやじさん）
35.1123787153,136.7474162579,0.3724618989,ＪＡあいち海部グリンセンター 十四山店（菜々耕房）
35.1123611624,136.7472016811,0.3726758856,JAあいち海部グリーンセンター 十四山店（菜々耕房）
34.8545413598,137.2887396812,0.3728615559,【東三河】宮路山（みやじさん）
34.9634511859,137.4142911996,0.3730066866,須山のイヌツゲ
35.2049177547,136.7400026321,0.3736586467,【尾張】一宮の桜まつり
35.2051982817,136.7398309708,0.3738462666,平和の桜並木
35.2054437420,136.7393159866,0.3743747416,平和桜物語
34.9762565246,137.4251614800,0.3746092712,愛知東農業協同組合　 産地直売施設　勇気野菜館
35.0182113524,137.4492581583,0.3746100538,涼風の里
34.9145521233,136.8516317154,0.3749947005,前山ダム公園
34.9145521233,136.8516317154,0.3749947005,前山ダム公園
34.9145059260,136.8514860143,0.3751293984,【知多】前山ダム公園
34.8094165674,137.0726931095,0.3761658651,国宝　金蓮寺弥陀堂
34.8093108597,137.0726931095,0.3762709631,【西三河】国宝金蓮寺（こんれんじ）弥陀堂
34.9130917783,136.8512932086,0.3762784977,前山ダム
35.1204263327,136.7417997122,0.3765474492,水の館
35.1203210255,136.7418104410,0.3765545013,水の館
35.0659515767,137.4712110114,0.3769378071,豊邦のアカガシ
34.9376984225,137.4000191689,0.3777978471,くらがり渓谷
34.9631742579,137.4204897881,0.3781916909,つくで手作り村
34.9631856588,137.4206416785,0.3783085423,つくで手作り村（味彩館、山家市）
34.8147545681,137.2010660200,0.3790207056,蒲郡海鮮市場
34.9628324571,137.4214180693,0.3791454665,つくで手作り村（勇気工房）
35.2547311524,137.4858283997,0.3795473189,押川大滝
35.2546785858,137.4858444929,0.3795532519,押川大滝
34.8571825602,137.3072361946,0.3796540556,【東三河】旧東海道赤坂宿
34.8066064585,137.0651131868,0.3798417149,尾崎士郎記念館、旧糟谷邸
34.8044184803,137.0844551622,0.3800703108,岩場古墳
35.2567330395,136.7400240898,0.3801555369,祖父江ぎんなんパーク
34.9637659513,137.4233373056,0.3801680067,歴史の小径（亀山城趾等）
34.9621364614,137.4223028926,0.3802700541,つくで手作り村（とんちん館）
34.8194757957,137.2252571583,0.3808437613,手織り三河木綿工房 手織場（てばたば）
34.8194330532,137.2254123190,0.3809303485,手織り三河木綿工房
34.8573234218,137.3099935055,0.3809512123,グリーンセンター音羽（ぺったん工房）
34.9326034564,136.8262656176,0.3809798709,常滑市大野町のイブキ
34.8572886860,137.3100764598,0.3810238367,グリーンセンター音羽（ぺったん工房）
34.9981790912,137.4460670623,0.3810735668,ＭＩＬＫ工房スコット
35.3074854920,136.7526966145,0.3811074738,産直広場尾西店
34.8699427652,136.8959569931,0.3812990209,壱町田湿地
35.2568040300,136.7387557051,0.3814138387,ぎんなん・いちょう並木
35.2568040300,136.7387557051,0.3814138387,ぎんなん・いちょう並木
34.8699471664,136.8956136703,0.3814909728,【知多】壱町田湿地
34.8699077883,136.8953356670,0.3816818309,壱町田湿地植物群落
34.8218075551,137.2357991857,0.3818733695,ナチュラルキッチン　せさみ
34.8558503090,136.9147827081,0.3828883645,武豊町歴史民俗資料館（武豊町）
34.8305862039,137.2632426023,0.3834663408,とよおか湖公園（蒲郡調整池）
34.8304793654,137.2631824483,0.3835410930,とよおか湖公園
34.8049194662,137.1774977446,0.3839417996,双太山公園（そうだやま）
34.8046595870,137.1774172783,0.3841845015,【東三河】双太山公園
35.1136863975,136.7341125011,0.3852910288,金魚、金魚池
34.8469461768,136.9249575770,0.3854673751,旧武豊港駅転車台
35.3653033790,136.7718795387,0.3866214657,天然鮎せり市
34.8517592037,137.3121017218,0.3868055359,御油（ごゆ）の松並木
34.8057079081,137.0274871588,0.3872727022,一色地域文化広場「学びの館」
34.8056858847,137.0274925232,0.3872929965,一色地域文化広場「一色学びの館」
35.1108603734,136.7325782776,0.3873194231,金魚日本一大会
34.8056021957,137.0276641846,0.3873367445,【西三河】一色学びの館
35.3162257918,136.7490667964,0.3874497724,一宮桜まつり（尾西緑道）
35.0007363703,137.4550154182,0.3877065203,長の山湿原
35.3079505026,136.7457854748,0.3877977188,一宮市三岸節子記念美術館
35.0007449683,137.4551907355,0.3878571170,長ノ山（ながのやま）湿原
34.8507947387,137.3127553473,0.3879688603,御油のマツ並木
34.8311716341,137.2760623336,0.3881353862,ヒメハルゼミの棲息地
35.2959624226,136.7414633784,0.3882501131,冨田一里塚（東塚）
35.2958987830,136.7413097806,0.3883786811,冨田一里塚（西塚）
34.8296703014,137.2733759880,0.3883817073,蒲郡さがらの森
34.8293840798,137.2733974457,0.3886512716,【東三河】蒲郡さがらの森
34.7946090932,137.1154681414,0.3888106770,アグリプラザ幡豆店
35.1787368186,136.7234855890,0.3895843665,津島市観光交流センター（まつりの館　津島屋）
34.9739477532,137.4420201618,0.3900026297,甘泉寺のコウヤマキ
34.9735707311,137.4419850111,0.3901756174,【新城設楽】甘泉寺のコウヤマキ
34.9735267742,137.4419742823,0.3901902153,甘泉寺（かんせんじ）のコウヤマキ
34.8110726369,137.2316783667,0.3907830107,竹島
34.8110638281,137.2316998243,0.3907979184,竹島
35.2137801852,137.5027853251,0.3909247394,どんぐり横丁
34.7924025486,137.1011321165,0.3911909898,三ヶ根みかん狩り
34.8105679185,137.2320407101,0.3913739580,八百富神社社叢
35.2142447567,137.5032520294,0.3914263553,稲武どんぐり工房
35.2143324115,137.5033271313,0.3915081369,稲武どんぐり工房
34.7910918756,137.1047401428,0.3924081499,潮干狩り場(西幡豆・鳥羽海岸)
35.1736767703,136.7206585407,0.3925041136,天王川公園
35.1736241512,136.7204976082,0.3926663048,天王川公園
34.8462873885,136.9113782682,0.3928375732,グリーンセンター武豊
34.7923430177,137.1590709686,0.3937686891,【西三河】愛知こどもの国
34.7922064503,137.1581214666,0.3937944971,愛知こどもの国
35.1761498315,136.7192745209,0.3938343444,堀田家住宅
34.7899320047,137.0854748763,0.3944446792,正法寺古墳
35.1780440403,136.7186254263,0.3944530034,津島神社
35.1097632879,136.7250251770,0.3949444766,【海部】文鳥
35.1784266037,136.7180916667,0.3949816995,津島神社のイチョウ
35.1093946639,136.7247784138,0.3952557784,弥富の金魚市場
34.7956249730,137.1902650595,0.3954015045,ブルーブリッジ（形原漁港大橋）
35.3124868326,136.7392984275,0.3954041527,定渡船場（起渡船場跡）
35.1094780432,136.7245799303,0.3954351545,YaToMiAQUA（弥富金魚水族館）
34.7955641410,137.1903264509,0.3954731580,ブルーブリッジ
35.3057441253,136.7366659641,0.3957574321,【尾張】尾西歴史民俗資料館
35.3097949700,136.7377070356,0.3960414940,起のやまがき
35.3059960207,136.7364073529,0.3960812734,旧林氏庭園
35.2145121033,137.5079244375,0.3961053173,古橋懐古館
34.7885597373,137.1445277891,0.3961058300,三河湾観光漁船
34.7885597373,137.1445277891,0.3961058300,三河湾観光遊船
35.2145252515,137.5079941750,0.3961758719,古橋懐古館
35.3093246017,136.7372476507,0.3963272016,起の大いちょう
35.1013475675,136.7252333633,0.3963963484,立田輪中人造堰樋門
35.1013475675,136.7252333633,0.3963963484,立田輪中人造堰樋門
35.3093508235,136.7370165780,0.3965546364,宮河戸（起渡船場跡）
35.1012669580,136.7249822617,0.3966586993,【海部】立田輪中人造堰樋門
34.8440901789,137.3185551167,0.3967053267,【東三河】御油（ごゆ）の松並木資料館
35.3079780724,136.7362870591,0.3968133903,船橋河戸（起渡船場跡）
34.8438823381,137.3184291637,0.3968179120,東海道御油（ごゆ）の松並木
35.2100153045,137.5098556280,0.3977044882,【豊田加茂】大井平公園
35.2100372193,137.5098556280,0.3977059547,大井平公園
35.2141299511,137.5097655972,0.3979111360,しだれ桜（瑞龍寺）
35.2142108926,137.5098318421,0.3979834388,瑞竜寺のシダレザクラ
35.2142579050,137.5098556280,0.3980107941,【豊田加茂】瑞龍寺しだれ桜
34.8852280283,136.8486474835,0.3985200218,大善院のイブキ
34.7948628662,137.0216667652,0.3991490951,うなぎ割烹　みかわ三水亭
34.7914443119,137.1885108948,0.3991671260,【東三河】形原港晩市
34.7864571977,137.0697212219,0.3993118518,潮干狩り（吉田海岸）
35.2090291311,137.5116419792,0.3994223959,名倉川遊歩道
35.1061999658,136.7210168537,0.3995564616,弥富市歴史民俗資料館
35.1287539460,136.7169141769,0.3998808544,【海部】服部家住宅
34.7853821971,137.0664811134,0.4007440455,西尾市吉良町吉田沖の海苔粗朶
34.7853293279,137.0659661293,0.4008567091,【西三河】海苔養殖風景
34.7949509714,137.0141029358,0.4008628753,一色さかな広場
34.7945782753,137.0140547403,0.4012359390,一色さかな広場、さかな村
35.1045936224,136.7194569111,0.4013994415,【海部】水郷の塔
34.7852235893,137.1640062332,0.4014368355,【西三河】三河湾の彼方に沈む夕日
34.7850473581,137.1634483337,0.4015412256,三河湾の彼方に沈む夕日
34.7835141301,137.1493721008,0.4015449536,潮干狩り場(東幡豆海岸)
35.1044448884,136.7193152019,0.4015676147,水郷の塔
35.1044448884,136.7193152019,0.4015676147,水郷の塔
34.7941932636,137.0140600204,0.4016077600,うなぎ処　いっしき
35.1644978602,136.7117196169,0.4017677527,JAあいち海部グリーンセンター津島店
35.1063227321,136.7186307907,0.4018742455,【海部】海部水郷地帯の酒
34.7818434917,137.0967589436,0.4018986963,潮干狩り（宮崎東海岸）
35.1643363393,136.7115926743,0.4019021887,ＪＡあいち海部グリーンセンター津島店 （愛菜耕房）
35.1743110618,136.7107976424,0.4023472051,下新田の藤
34.7851002275,137.1783828735,0.4036358139,【東三河】蒲サ食品
35.2184170160,137.5170278549,0.4054996781,夏焼城ヶ山の花々
34.7777334283,137.0913720131,0.4062571228,西尾市吉良町宮崎海岸
34.7841661961,137.0372343063,0.4063793338,【西三河】鰻養殖ハウス群
34.7776100553,137.0912003517,0.4063895101,【西三河】西尾市吉良町宮崎海岸
34.9315899049,137.4323934317,0.4066938272,保永の三滝（やすながのさんたき）
34.8558003426,137.3544162512,0.4069288716,四季の森
34.8555978501,137.3543572426,0.4070569279,四季の森
34.7807912585,137.1775674820,0.4077587194,西浦鮮魚マーケット
34.7805649072,137.1775711426,0.4079827992,西浦鮮魚マーケット
34.8558708097,136.8680740005,0.4090142224,多賀神社の社叢
34.8557431165,136.8679869175,0.4091686361,【知多】多賀大社
34.8555163798,136.8669160464,0.4099922008,多賀の里
34.8555163798,136.8669160464,0.4099922008,多賀の里　農畜産物直売所
35.0554083624,137.5043839216,0.4117445328,鳴沢（なるさわ）の滝
34.7888572934,137.2364163963,0.4133942920,大島ナメクジウオ生息地
34.8407188088,137.3445124912,0.4135424947,三河国分尼寺跡
34.7754637834,137.0436110347,0.4138146393,三河湾に広がる一色干潟
35.2229550453,137.5253028944,0.4141530684,山里Cyafe（ちゃふぇ）
34.8379554577,137.3415872000,0.4142140931,三河国分寺跡
34.9057595818,137.4214933624,0.4150099770,砥鹿神社奥宮（本宮山）の社叢
34.8185421538,137.3117101192,0.4154506132,御津山（みとやま）
34.7672108065,137.1002554893,0.4163977572,潮干狩り(梶島)
35.2595145730,136.7029023170,0.4171403225,木曽三川公園ワイルドネイチャープラザ
35.2596459816,136.7029237747,0.4171432202,木曽三川公園 ワイルドネイチャープラザ
34.8468990092,137.3598825932,0.4173385381,ぎょぎょランド
34.8468109595,137.3600864410,0.4175301191,【東三河】ぎょぎょランド
35.1441941812,136.6943830443,0.4204917246,立田ふれあいの里
35.1441941812,136.6943830443,0.4204917246,道の駅「立田ふれあいの里」
35.1441169911,136.6941690445,0.4207119947,【海部】立田道の駅
35.1728611698,137.5345158577,0.4216060024,道の駅「アグリステーションなぐら」
35.1728699397,137.5346231461,0.4217130378,道の駅アグリステーションなぐら
34.8408673904,136.8651974201,0.4228047218,【知多】潮干狩り（大谷）
35.2504770987,137.5308965509,0.4232023274,大野瀬の子持桂
35.2078544734,136.6902315617,0.4235162416,れんこん
34.8050912502,136.9214808941,0.4240546663,【知多】潮干狩り（上村）
34.8049205134,136.9215063792,0.4241954886,知多半島の潮干狩り （上村潮干狩り場）
35.1613541917,136.6892230511,0.4243924745,ハスの風景
35.1613541917,136.6890621185,0.4245531896,花ハス
34.8026298139,136.9210650642,0.4264391294,知多半島の潮干狩り （大池潮干狩り場）
34.8025364756,136.9212448597,0.4264415811,【知多】潮干狩り（大池）
34.8796347576,137.4177916259,0.4302942364,宝円寺のシダレザクラ
34.8796249385,137.4177968502,0.4303048686,本宮山（宝円寺のシダレザクラ、牛の滝）
35.2024543357,137.5436353683,0.4310143129,面の木原生林
34.7983781904,136.9191366434,0.4311037429,【知多】潮干狩り（河和口）
34.7983870005,136.9191044569,0.4311103525,知多半島の潮干狩り （河和口潮干狩り場）
35.2025979429,137.5439824347,0.4313674039,黒田ダム
34.8011533405,137.3166346550,0.4330956541,【東三河】引馬神社
34.8273157234,136.8661218032,0.4333292453,盛田味の館
34.8273157234,136.8661218032,0.4333292453,盛田味の館
34.8272351843,136.8660557270,0.4334330815,【知多】味の館
35.2618170785,137.5397726279,0.4338737594,子持ち桂
34.8250245817,136.8653583527,0.4356475922,【知多】潮干狩り（小鈴谷）
34.8236766261,136.8673156751,0.4356501587,小脇公園
34.8236766261,136.8673156751,0.4356501587,小脇公園
34.8235996576,136.8672211095,0.4357670556,【知多】小脇公園
35.1318338064,136.6802000999,0.4359040658,船頭平閘門
35.1317241268,136.6801893711,0.4359277104,【海部】船頭平閘門
35.1384113792,136.6773302438,0.4380293611,【海部】加藤牧場
34.8779394421,137.4270129204,0.4380541148,本宮の湯
34.8779394421,137.4271416664,0.4381464014,本宮（ほんぐう）の湯
34.8781245885,137.4278293474,0.4385107328,本宮山
34.8746651676,137.4248242378,0.4387857748,【東三河】ウォーキングセンター及び本宮山
35.0550053151,137.5347184961,0.4407941467,田峯城址（歴史の里　田峯城址）
34.8799599863,137.4336549270,0.4414475723,炭焼古墳群
34.9911057524,137.5114504096,0.4423924845,奥三河の民宿旅館　川合
34.7858051498,136.9169211388,0.4433449214,知多半島の潮干狩り （北方潮干狩り場）
34.7856994119,136.9169211388,0.4434397533,【知多】潮干狩り（北方）
34.8022302023,136.8863224940,0.4435103205,鵜の山ウ繁殖地
35.1997102970,137.5569713116,0.4442284890,【豊田加茂】オオキツネノカミソリ他
34.8163010064,136.8627972877,0.4442893139,知多半島の潮干狩り（常滑市）
34.8162432354,136.8625366688,0.4444838798,【知多】潮干狩り（坂井）
34.8782233479,137.4362747180,0.4445443623,炭焼古墳群
34.8161859819,136.8624240160,0.4445946683,知多半島の潮干狩り （坂井海岸）
34.8160292053,136.8625774420,0.4446377284,坂井海岸（常滑市）
34.8016913871,136.8833297533,0.4455092023,鵜の池（美浜町）
34.7890212817,137.3221921921,0.4464168916,三河臨海緑地「日本列島」
34.7887569468,137.3220419884,0.4465801225,三河臨海緑地「日本列島」
34.8010035728,136.8797671795,0.4479435828,ジョイフルファーム鵜の池
34.8008361852,136.8797028065,0.4481200059,ジョイフルファーム鵜の池（美浜町）
34.8007254575,136.8798284662,0.4481491365,【知多】ジョイフルファーム鵜の池
35.0642475636,137.5488924980,0.4518472688,道の駅したら・奥三河郷土館
34.7891754767,136.8896538019,0.4531278367,美浜町民の森
34.7891622600,136.8896162510,0.4531578487,美浜町民の森（美浜町）
34.8068330560,136.8586437280,0.4544560283,知多半島の潮干狩り （上野間潮干狩り場）
34.8067297881,136.8586206436,0.4545545238,【知多】潮干狩り（上野間）
34.8244609126,137.3919296265,0.4545595569,【東三河】豊川稲荷春季大祭・秋季大祭
34.8473250392,137.4215099302,0.4561875769,砥鹿神社のケヤキ
34.7803043225,137.3353248592,0.4603321354,前芝の燈明台
34.7997085121,136.8581914902,0.4606270200,【知多】潮干狩り（奥田北）
34.7996469645,136.8581895924,0.4606793404,知多半島の潮干狩り （奥田北潮干狩り場）
34.8074858968,137.3804221631,0.4613163671,牛久保のナギ
34.7988010764,137.3686105013,0.4617802793,五社稲荷社朝市
34.7987345625,137.3685528619,0.4618037856,五社稲荷社朝市
34.7960919251,137.3660784960,0.4626494507,とんぼ公園（ビオトープ）
34.7267911200,137.0345842838,0.4633124305,「三河湾の黒真珠」佐久島
35.0977712814,137.5685067824,0.4634464651,福田寺のイヌグス
34.8959016218,137.4768054485,0.4636660995,愛知東農業協同組合 産地直売施設　グリーンセンターしんしろ
34.7247932342,137.0445917295,0.4636990206,【西三河】カモメの駐車場
34.8959398530,137.4768928606,0.4637109787,グリーンセンターしんしろ
34.8958312241,137.4768376350,0.4637350047,【新城設楽】グリーンセンターしんしろ
34.7260901025,137.0344179869,0.4640314866,佐久島弁天サロン
34.7259181540,137.0350778103,0.4640896481,黒壁の家並み
34.7259432097,137.0344032045,0.4641787603,弁天サロン
34.7238637821,137.0460460146,0.4644062845,大浦海水浴場（佐久島）
34.7252770361,137.0352777887,0.4646881593,大葉邸
34.7957037862,136.8567617477,0.4647551297,知多半島の潮干狩り （奥田中潮干狩り場）
34.7955853260,136.8567752838,0.4648464938,【知多】潮干狩り（奥田中）
35.0980085846,137.5703396725,0.4652042887,福田寺（ふくでんじ）のイヌグス
34.7223821065,137.0486605167,0.4655037160,【西三河】佐久島八劔神社
34.7224213616,137.0460481092,0.4658333619,シーサイドプロムナード
34.7220974102,137.0466491045,0.4660679549,民宿千鳥
34.7216106363,137.0466934822,0.4665434565,佐久島民宿　魚増
35.2890951852,137.5676469581,0.4667275996,玄武岩
34.7211509936,137.0468251681,0.4669797410,佐久島体験民宿ゆきや
34.7207016462,137.0482670504,0.4672224714,民宿　市兵衛
34.7206829882,137.0476228893,0.4673306864,ごはん屋　海
35.2844561380,137.5693720528,0.4673832323,亀甲苑（きっこうえん）
34.7495114457,136.9387865067,0.4675840103,【知多】潮干狩り（矢梨）
34.7495114457,136.9387435913,0.4676000053,知多半島の潮干狩り （矢梨潮干狩り場）
34.7516728835,136.9328047758,0.4678506796,阿奈志神社のほるとのき
34.7473780993,136.9427669048,0.4681018169,【知多】潮干狩り（久方）
34.7466970521,136.9426593749,0.4687753462,知多半島の潮干狩り （乙方海岸）
34.8617825326,137.4549014755,0.4693757688,旗頭山尾根古墳群
34.7165530298,137.0499587059,0.4711018724,佐久島
34.7417094771,136.9470423460,0.4718656031,【知多】潮干狩り（山田）
34.7417050690,136.9470208883,0.4718772784,知多半島の潮干狩り （山田海岸）
34.7164075181,137.0449912548,0.4719367153,「佐久島のお庭」
35.0481799686,137.5661873817,0.4728938401,四谷（よつや）の千枚田
35.0502645388,137.5685260831,0.4745462472,新城市四谷地区
34.7607294837,136.8962613870,0.4750310195,いちご狩り・みかん狩り
34.7852544466,137.3754695340,0.4768625165,瓜郷遺跡
35.1887551357,137.5911962986,0.4781842489,面ノ木（めんのき）園地
35.1891453209,137.5912392139,0.4782316800,【新城設楽】面ノ木ビジターセンター
34.9970755225,137.5554800034,0.4800758614,山びこの丘
34.9969700561,137.5554800034,0.4801168070,山びこの丘
34.7724502529,136.8647843599,0.4801265752,【知多】法山寺
34.7800422328,136.8497800827,0.4816784351,知多半島の潮干狩り （奥田南潮干狩り場）
34.7799452996,136.8496513367,0.4818299789,【知多】潮干狩り（奥田南）
34.7721770519,137.3710244894,0.4854578905,JAファーマーズマーケット吉田方店
34.7709668984,136.8533582467,0.4873876553,史跡大御堂寺
34.9174245585,137.5221082582,0.4879392491,断上山古墳（第10号墳）
34.8928656644,137.5055372715,0.4883338059,桜淵公園
34.7071528390,137.0024582390,0.4889291616,日間賀島〔体験漁業〕（南知多町）
34.9169075476,137.5231895143,0.4891275859,断上山古墳（第9号墳）
34.7068164091,137.0025157928,0.4892438740,日間賀島教育旅行
34.8147607084,137.4351605687,0.4895552665,権現山古墳
34.7270792453,136.9325683219,0.4907244419,国営農地開発事業南知多地区
34.8593922993,137.4821645021,0.4911622863,吉祥山（きちじょうさん）
34.8590665646,137.4822771549,0.4914618649,【東三河】吉祥山
34.9186677260,137.5282341242,0.4924167133,新城市設楽原歴史資料館
34.8164053711,137.4414730999,0.4925048888,馬越長火塚古墳群
34.8076415411,137.4317497015,0.4927253300,フルーツショップゆめ彩館
35.1994560523,137.6055407524,0.4927601088,道の駅「つぐ高原グリーンパーク」
35.1996664618,137.6055353880,0.4927616429,道の駅つぐ高原グリーンパーク
34.7034345655,136.9994963895,0.4932252148,干ダコ
34.7657257222,137.3763620853,0.4937605835,【東三河】	羽田まつり
34.7482376153,136.8747568130,0.4961418162,【知多】持宝院
34.7530239221,137.3601184758,0.4962669685,グリーンセンター牟呂
34.9412208382,137.5468701124,0.4968536743,鮎滝
35.0874105814,137.6007647204,0.4970813417,岩古谷山（いわこやさん・いわごやさん）
34.7702822464,137.3899930716,0.4973714004,【東三河】豊橋祇園祭
35.0868482727,137.6017158625,0.4981233117,北設山岳公園岩古谷山
34.7706186048,137.3930765233,0.4988165419,吉田城
34.7633887675,137.3830285167,0.4993119836,路面電車
34.7680524894,137.3921978474,0.5004515283,豊橋市公会堂
34.7274959263,136.9057287114,0.5008377051,【知多】天龍寺
34.7679863890,137.3946762085,0.5018929051,【東三河】鬼祭
34.7551619030,136.8498229980,0.5026753498,【知多】良参寺
34.8022545646,137.4411481619,0.5029262989,産直プラザ石巻
34.7563342583,136.8470978737,0.5031121082,食と健康の館
34.7562112190,136.8471660015,0.5031805556,食と健康の館（美浜町）
34.7577622175,136.8444961309,0.5032839533,野間崎灯台（美浜町）
34.7396111948,136.8735229969,0.5043100605,【知多】如意輪寺
34.9689374041,137.5703406636,0.5050956318,【新城設楽】観来館
34.6969839139,136.9719700294,0.5064718652,羽豆神社の社叢
34.7065353850,136.9381718189,0.5079281858,豊浜魚ひろば（南知多町）
34.7065694509,136.9378960133,0.5079912293,豊浜魚ひろば
34.9707423787,137.5751243395,0.5086734058,ネズの樹
34.9706522701,137.5751129411,0.5087007320,ネズの樹
35.1695222106,137.6216809768,0.5088286964,金龍寺のシダレザクラ
35.1760239643,137.6224903589,0.5095020297,津具八幡宮の杉
34.7339905334,136.8721282482,0.5099207998,【知多】泉蔵院
35.1719108061,137.6231809914,0.5102687279,鞍船遺跡
34.7101017648,136.9209069014,0.5108215205,【知多】影向寺
34.7203032245,136.8970738734,0.5109913029,【知多】西方寺
34.9829391572,137.5831149076,0.5110362740,鳳来寺山
34.6885571562,137.2408461571,0.5110924012,潮干狩り場（田原）
34.9723706982,137.5786650181,0.5112175697,鳳来寺山自然科学博物館
34.9723179491,137.5787883997,0.5113517231,鳳来寺山自然科学博物館
34.6858487983,137.2327619791,0.5117638479,白谷海浜（しろやかいひん）公園
34.7332159056,136.8693676012,0.5119119723,内海海水浴場（南知多町）
34.9248961833,137.5550421841,0.5120495894,【新城設楽】こんたく長篠
34.9250131287,137.5551193526,0.5120571786,こんたく長篠
34.9254105600,137.5553941727,0.5120941118,愛知東農業協同組合 産地直売施設　こんたく長篠
34.9250674938,137.5557267666,0.5125542687,こんたく長篠
34.7047613418,136.9296562672,0.5125787105,【知多】豊浜鯛まつり
34.7048059976,136.9295308429,0.5125819008,豊浜鯛まつり（南知多町）
34.7490594496,137.3854704712,0.5127178934,産直プラザ福岡
34.6789584071,137.2119534016,0.5140594463,仁崎（にさき）海水浴場
34.6812170940,137.0031424243,0.5140795845,コウナゴの天日干し
34.6784069745,137.2122967243,0.5146666862,仁崎（にさき）キャンプ場
34.9787267165,137.5861537457,0.5154909947,鳳来寺山
34.9788537711,137.5862375914,0.5155175198,鳳来寺山
35.1682918681,137.6290338991,0.5162134903,大根平遺跡
34.9234849132,137.5593917045,0.5165175141,長篠城跡
34.9233169540,137.5594764948,0.5166753182,長篠城址（長篠城址史跡保存館）
34.7209174971,137.3447578272,0.5172945206,お葉付イチョウ
35.1487579053,137.6313269465,0.5194423063,ホソバシャクナゲ自生地
34.7315614076,137.3707455397,0.5201733408,グリーンセンター磯辺
34.6849357000,137.2621160746,0.5202902368,蔵王山（ざおうさん）展望台
34.6848254218,137.2620463371,0.5203759196,蔵王山（ざおうさん）展望台
34.6639404850,137.1828353405,0.5241392820,江比間（えひま）野外活動センター
34.7897953861,137.4598194903,0.5245844958,石巻山石灰岩地植物群落
34.8668993690,137.5332549427,0.5260792463,宇利城跡
34.6756177458,137.2514024333,0.5263067973,衣笠（きぬがさ）の森
34.6815435903,137.2810271635,0.5292363840,吉胡貝塚
34.6698262114,137.2441077232,0.5300460525,滝頭（たきがしら）公園
34.6540079254,137.1485567093,0.5305941836,潮干狩り場（伊川津・泉）
34.6736645032,137.2691166401,0.5331060297,田原城跡・田原市博物館
34.7123247955,137.3631787702,0.5333777241,植田アグリセンター
34.6506382729,137.1540010236,0.5343460557,どろんこ村ファーマーズキッチン
34.7975839275,137.4851028631,0.5359970299,嵩山蛇穴
34.8512472041,137.5340275475,0.5362485430,中宇利丸山の蛇紋岩植生
34.6473487816,137.0908999443,0.5365205073,潮干狩り場（小中山）
34.6675186074,137.2677831998,0.5386010293,城宝寺古墳
34.6454447250,137.1480784583,0.5391071921,伊川津貝塚
34.7625571590,137.4508309364,0.5396484028,【東三河】多米民俗資料収蔵室
35.0053498178,137.6229643822,0.5401177184,愛知県民の森
35.0054113336,137.6230394840,0.5401683480,【新城設楽】愛知県民の森
35.0053410298,137.6230609417,0.5402117775,愛知県民の森
34.6821301757,137.3197942972,0.5422455363,ジョイフル杉山
34.9702870827,137.6135122776,0.5439603979,【新城設楽】湯谷温泉
34.9702519158,137.6135337353,0.5439939190,湯谷温泉
35.2275759506,137.6555156708,0.5442685264,【新城設楽】茶臼山高原
35.2276548269,137.6555585861,0.5443177057,茶臼山高原
35.2276460629,137.6558053494,0.5445629409,茶臼山高原
34.9741771980,137.6159042572,0.5446557044,鳳来ゆーゆーありいな
34.9741771982,137.6159042578,0.5446557049,鳳来ゆ～ゆ～ありいな
34.9673340163,137.6137424144,0.5453354808,馬背岩
34.9674341141,137.6138180494,0.5453652771,馬背岩（うまのせいわ）
34.6615917877,137.2722821116,0.5455767477,【東三河】「道の駅」田原めっくんはうす
34.6615917310,137.2723475756,0.5455959129,道の駅「田原めっくんはうす」
35.2160065983,137.6582407951,0.5461723446,茶臼山の芝桜
34.7229540544,137.4080907564,0.5468779859,高師小僧
34.6433901106,137.2006827593,0.5470875408,サンテパルクたはら
34.6431826834,137.2007095814,0.5472965860,サンテパルクたはら
34.7218425323,137.4094305086,0.5485369317,高師小僧
34.6332586993,137.1230169438,0.5502439240,スイーツ＆ジェラテリア　Baroque(バロック)
34.6325784995,137.1403047170,0.5515079571,デイリーパラダイス
34.6350879436,137.1822327768,0.5526724777,光岩
34.7451389077,137.4513459206,0.5536543046,葦毛湿原（いもうしつげん）と豊橋自然歩道
34.7451389077,137.4515175819,0.5537592130,葦毛湿原
34.7442808961,137.4511835278,0.5542346638,葦毛湿原
34.6346785328,137.1953634132,0.5548742823,大アラコ古窯跡
34.6434430706,137.2428900003,0.5553622150,【東三河】黒河湿地植物群落
34.6434210039,137.2428524494,0.5553748919,黒河湿地（くろがわしっち）植物群落
34.6432677525,137.2427628757,0.5555029754,黒河湿地植物群落
34.6282092729,137.0621950791,0.5575264025,キャベツ畑
34.6256333452,137.1012532711,0.5579034169,愛知みなみ農協　ふれあい広場 渥美店
34.6256068595,137.1011245251,0.5579326318,愛知みなみ農協ふれあい広場渥美店
35.0981401499,137.6657545448,0.5592518129,振草農産物生産直売組合
34.6994166730,137.3934172764,0.5593407028,NDふぁ～む
34.6223755395,137.1089243889,0.5610517698,【東三河】渥美郷土資料館
34.8625092049,137.5760855853,0.5633721565,黄柳野ツゲ自生地
34.6712997835,137.3486709595,0.5637199489,【東三河】水の展示館
34.6198856671,137.1437547833,0.5643628571,椛のシデコブシ自生地
35.2146348195,137.6767212152,0.5645433751,グリーンステージ花の木
34.6198195291,137.1494525671,0.5647675941,シデコブシ自生地 (椛、伊川津、藤七原、黒河）
34.6197140879,137.1491898435,0.5648559421,伊川津のシデコブシ
35.2148448682,137.6776496004,0.5654819784,川宇連ハナノキ自生地
35.0496819111,137.6625859737,0.5655815407,明神山（みょうじんさん・みょうじんやま）
34.8659683431,137.5816583633,0.5660141270,黄柳野（つげの）つげ自生地
34.6263213313,137.2217205036,0.5675925253,電照菊
34.6724424457,137.3602795601,0.5676412162,万場調整池と万場緑地
34.6252095729,137.2210192680,0.5685501604,赤羽根文化の森
34.6451668863,137.2990962601,0.5694947257,百々陶器窯跡
34.7234094277,137.4499028921,0.5701560125,二川宿本陣（ふたがわしゅくほんじん）資料館
35.1790883648,137.6832447239,0.5702192175,豊根グリーンポート宮嶋
34.7255918916,137.4583250284,0.5734281765,産直プラザ二川
34.6145969006,137.0403563976,0.5734405175,【東三河】西ノ浜海浜の森
34.7255918916,137.4584484100,0.5735024777,産直プラザ二川
35.0211578684,137.6631165844,0.5735055593,乳岩及び乳岩峡
34.6141465825,137.0403778553,0.5738844890,西ノ浜海浜の森
34.9031650148,137.6143135274,0.5742923726,満光寺庭園
34.9029674883,137.6142257452,0.5743121825,満光寺（まんこうじ）庭園
35.0191369860,137.6639699936,0.5748983477,乳岩峡
35.0190403345,137.6639914513,0.5749465351,乳岩峡（ちいわきょう）
34.6156299741,137.2081768513,0.5756972425,【東三河】メロン狩り
34.6155082775,137.2083442579,0.5758449485,愛知みなみ農協ふれあい広場赤羽根店
34.6155082775,137.2083442579,0.5758449485,愛知みなみ農協ふれあい広場赤羽根店
34.6153827440,137.2082197666,0.5759481654,【東三河】いちご狩り
35.0837013298,137.6802958267,0.5759507575,東栄町交流促進センター　千代姫荘
34.9993132529,137.6592379386,0.5763874868,鳳来町のムカデランの自生地
34.6144026460,137.2180849314,0.5786241535,【東三河】太平洋ロングビーチ
34.6142437101,137.2181224823,0.5787872654,太平洋ロングビーチ
34.6090869582,137.0407962799,0.5788513738,休暇村伊良湖キャンプ場
34.6091399402,137.1910482645,0.5795460476,「道の駅」あかばねロコステーション
34.6040358565,137.0936679840,0.5797001777,【東三河】たはら凧まつり
34.6033545205,137.1017934267,0.5801667344,皿山古窯群
34.9502668087,137.6451271701,0.5809229795,阿寺の七滝
34.9502702462,137.6456075907,0.5813616650,阿寺の七滝（あてらのななたき）
34.9502570553,137.6456022263,0.5813620409,阿寺の七滝
35.0803235833,137.6881153391,0.5842402958,設楽城跡
34.5990197732,137.0901918411,0.5848389810,渥美の森
35.1435610632,137.6982197779,0.5865332573,湯～らんどパルとよね
35.1435700291,137.6982308104,0.5865436552,兎鹿嶋温泉（湯～らんどパルとよね）
35.1433712792,137.6982271671,0.5865535544,【新城設楽】湯～らんどパルとよね
34.6839801076,137.4220779264,0.5873122513,あぐりパーク食彩村
34.5952133528,137.0605909824,0.5905327955,初立池公園
34.5951397039,137.0605466890,0.5906100887,初立池（はったちいけ）公園
34.5954064315,137.0563381697,0.5907335244,【東三河】伊良湖東大寺窯跡
34.5951719148,137.0562076559,0.5909794958,伊良湖東大寺瓦窯跡
34.5885247322,137.0744540315,0.5961376711,ハマボウの野生地
35.0709399981,137.7000403404,0.5976764721,龍洞院のシダレザクラ
34.5886422307,137.0294076204,0.6006213525,【東三河】句碑・歌碑
34.5889747074,137.0263139257,0.6007309499,伊良湖海水浴場
34.5848305515,137.0553601904,0.6013544458,ハマボウ、ハマカンゾウ
35.1205476192,137.7123439858,0.6025901970,茶禅一
34.5863280300,137.0296867325,0.6028744397,宮山原始林
35.0748516376,137.7066885564,0.6034912993,とうえい温泉
35.0748516376,137.7066885567,0.6034912996,とうえい温泉
34.5855117675,137.0254040874,0.6042890975,キャベツ畑・菜の花畑
35.0743502174,137.7085268497,0.6053898260,蔦の渕（つたのふち）
35.0739287497,137.7084839344,0.6054236882,振草（ふりくさ）渓谷
34.5841375322,137.0199501514,0.6064620360,【東三河】「道の駅」伊良湖クリスタルポルト
34.5839785384,137.0201647282,0.6065862541,道の駅「伊良湖クリスタルポルト」
34.5824857483,137.0184373856,0.6083277197,（日本の道百選） 渥美サイクリングロード
35.1395592685,137.7209186554,0.6094565032,大入の郷（おおにゅうのさと）
35.1822970797,137.7225601673,0.6095192874,三沢高原農産物加工体験館
35.1183421024,137.7191698551,0.6096107082,東栄町森林体験交流センター 「スターフォレスト御園」
34.5809061141,137.0187955063,0.6098327363,渡り鳥
34.5793940858,137.0162487030,0.6117244521,伊良湖岬灯台・恋路が浜・日出の石門
34.5793322514,137.0164418221,0.6117549831,伊良湖岬灯台 恋路ヶ浜 日出の石門（ひいのせきもん）
35.0310746057,137.7072552810,0.6134299347,須佐男神社のアヤスギ
35.0468410352,137.7212363903,0.6233395712,愛知東農業　東栄直売所
35.0467596565,137.7212906477,0.6234103437,愛知東農業協同組合 産地直売施設　東栄直売所
35.0671848611,137.7429186206,0.6405103258,煮え渕のポットホール
35.0804765661,137.7495477910,0.6447755377,預り渕のポットホール
35.1722823515,137.7822875977,0.6693382384,バンガロー村「古里とみやま」 湯の島温泉
35.1806748126,137.7995020151,0.6864655730,とみやま来富館（らいふかん）
